{"theta":[5.87044168761888,23.9201054171853],"sigma_f":0.376563345655695,"sigma_n":0.0527384033439808,"beta":0.474905406921912}
